feature,corr_with_target
route_historical_ontime_pct,-0.40480630819518315
season_severity_score,0.397231105309755
zone_congestion_index,0.2611696981680048
zone_fog_index,0.17939010832661928
fog_risk_score,0.09996337410029318
loco_age_years,0.08531559125303571
distance_km,-0.06135871859015461
coach_age_years,0.04834628108410151
departure_week,0.027420754471448146
month,0.026846349425921838
departure_month,0.026846349425921838
departure_hour,-0.017124172657421794
maintenance_score,-0.006872086351641604
scheduled_travel_hours,0.005197892020111876
num_scheduled_stops,0.0050969732801384926
seat_utilisation_pct,0.0032493648326075947
departure_day,0.00234502980491601
