"Feature","Importance"
"PC1",7495.61184287407
"PC2",5999.27295090754
"season",4413.67523519571
"PC4",4174.76091966252
"PC15",3087.6521475093
"PC22",3000.14153523052
"PC6",2699.45563070772
"PC27",2632.00552625782
"PC26",2133.81005563617
"PC3",1768.35065931862
"PC12",1766.22496339088
"PC18",1749.6953208066
"PC29",1655.31631621549
"PC9",1602.48600750516
"PC31",1516.44928344931
"train_type",1490.64693453187
"PC11",1451.65151179299
"PC10",1405.06461386881
"PC32",1360.97688692261
"PC21",1354.29887073796
"PC20",1322.30101806697
"PC19",1278.56026106307
"PC17",1271.46397688173
"PC28",1209.97161378432
"PC8",1165.41322130537
"PC5",1163.45082373423
"zone_abbr",1131.49819280009
"PC16",1106.54371734581
"PC14",1102.48901930625
"zone",1099.62714785219
"PC25",1063.67161733397
"PC23",1055.72934814006
"PC24",1042.72833730562
"PC7",1035.38633065494
"PC13",1004.47279554624
"PC30",997.02363840164
"destination_station_category",312.647081566331
"source_station_category",312.515247346154
"traction_type",172.353343352661
